,Green_Cover_Increase_%,Tree_Density_per_km2,Vehicle_Emission_Reduction_%,Industrial_Control_%,Water_Quality_Improvement_%,Biodiversity_Budget_Million_Rs,PM2.5_Target,Total_Cost_Million_Rs,Implementation_Time_Years
Fastest,0.06037074029382901,265.81307285698284,0.04089522418712921,0.00416120513734046,0.01548933135559838,0.07962654513889333,116.08451296498559,5.602309532312032,1.0
Cheapest,0.06037074029382901,265.81307285698284,0.04089522418712921,0.00416120513734046,0.01548933135559838,0.07962654513889333,116.08451296498559,5.602309532312032,1.0
Best_Air_Quality,0.16774424364043178,9999.894664082618,41.77600469543518,0.0028733194590968045,0.35285198701829196,99.26875728953475,77.93473471179794,998.5545160897202,11.262341935251431
Balanced,0.07070508111757234,238.4229087551871,0.04089522418712921,0.0016636807732582203,0.013053851514436226,18.61939155849786,114.23190597995456,24.410382837809287,1.006815528848791
