Model,Train RMSE,Test RMSE,Train R²,Test R²,Test MAE
Linear Regression,0.00025518483837145347,0.00026664832248416304,0.999999999964139,0.9999999999628896,0.000211620919770144
XGBoost,0.1930473253306937,2.20755267816414,0.9999794770629826,0.9974564473551467,1.413917001794886
Random Forest,1.814051243002923,2.9124061145319584,0.9981877795112435,0.9955728682408048,1.5126488793540775
